Date,CO2,Vent,Humidite,NO_Monoxyde_azote,NOX_Oxyde_azote,O3_Ozone,Poussieres,SO2_Dioxyde_de_soufre,Temperature,Direction_vent
01/01/2019,0.63,101.64,79.79,117.68,147.46,0.98,14.89,10.73,2.22,2.01
02/01/2019,0.62,117.99,78.78,85.94,115.23,0.85,14.65,10.01,2.22,2.07
03/01/2019,0.63,114.96,76.95,54.69,83.98,0.98,15.63,8.94,2.43,1.62
04/01/2019,0.55,125.77,77.34,39.06,67.87,0.85,14.40,8.94,2.41,2.46
05/01/2019,0.47,127.88,80.13,29.30,57.13,0.73,12.70,8.94,1.97,2.53
06/01/2019,0.42,132.49,81.18,29.30,54.69,0.85,11.23,8.58,1.78,1.77
07/01/2019,0.63,139.61,83.45,38.57,64.45,0.85,8.79,8.58,1.23,1.37
08/01/2019,0.46,126.03,84.89,29.30,54.69,0.85,7.08,8.58,1.11,2.87
09/01/2019,0.31,126.30,81.23,18.55,42.97,1.34,7.81,7.87,1.64,2.54
10/01/2019,0.38,123.92,81.13,14.16,36.62,1.10,9.28,8.58,1.39,1.75
11/01/2019,0.40,147.39,82.28,23.93,47.85,1.10,11.47,8.94,1.07,1.99
12/01/2019,0.60,164.53,82.71,29.30,53.22,0.98,13.92,9.30,0.88,1.87
13/01/2019,0.63,188.92,84.84,65.92,91.80,1.10,16.36,10.37,0.35,1.42
14/01/2019,1.29,188.12,88.82,174.80,204.59,1.59,19.78,15.38,-0.44,1.26
15/01/2019,2.22,166.24,91.02,246.58,280.76,2.20,23.93,21.10,-0.42,0.96
16/01/2019,6.36,137.76,90.33,546.88,597.17,4.15,30.03,35.05,-0.14,1.08
17/01/2019,5.11,117.46,89.60,503.91,558.59,3.42,38.57,49.72,0.60,1.32
18/01/2019,2.19,132.89,82.18,211.91,247.07,1.10,50.54,35.41,2.16,2.49
19/01/2019,1.76,129.33,78.34,182.13,215.82,1.83,52.25,32.90,3.15,1.92
20/01/2019,1.06,121.68,71.36,103.52,134.77,2.32,50.78,23.61,4.54,1.82
21/01/2019,0.82,124.45,66.38,83.98,113.28,2.69,41.99,21.10,6.05,2.45
22/01/2019,0.55,138.42,60.52,48.34,74.71,4.39,30.27,16.45,7.54,3.43
23/01/2019,0.57,147.78,58.35,33.69,57.62,6.47,20.51,14.31,8.14,2.94
24/01/2019,0.55,140.01,56.64,32.23,54.69,7.08,15.87,14.31,8.86,2.00
25/01/2019,0.54,142.91,53.88,36.62,62.50,6.23,15.87,13.23,9.72,1.40
26/01/2019,0.50,139.74,52.39,37.00,63.00,6.35,17.82,13.00,10.18,1.35
27/01/2019,0.75,142.91,51.54,37.00,63.00,0.85,20.51,13.00,10.32,1.05
28/01/2019,0.72,141.72,50.42,40.00,70.00,5.13,20.51,14.00,10.99,1.18
29/01/2019,0.84,181.53,49.07,41.50,72.27,4.76,19.04,14.66,11.41,0.84
30/01/2019,0.89,132.62,48.05,45.90,79.59,3.42,18.31,13.23,11.48,0.39
31/01/2019,0.87,143.43,49.73,55.18,88.87,2.56,18.55,12.88,11.55,1.23
01/02/2019,1.16,141.32,48.49,66.89,104.00,2.08,24.17,15.74,11.83,1.33
02/02/2019,1.84,162.94,53.39,165.53,206.54,2.20,33.69,22.53,10.37,0.48
03/02/2019,1.99,280.80,65.23,213.87,257.81,2.08,44.19,25.04,7.79,0.78
04/02/2019,3.12,194.06,69.70,370.12,423.34,3.05,55.42,34.69,6.89,0.29
05/02/2019,5.50,89.51,72.17,560.06,612.30,3.30,65.92,40.42,6.45,0.62
06/02/2019,3.83,94.52,77.51,480.96,528.32,2.44,73.73,35.77,5.47,0.98
07/02/2019,4.13,115.88,85.06,588.38,635.25,2.44,77.88,34.34,4.20,1.56
08/02/2019,4.57,129.72,87.92,555.66,600.10,2.56,76.42,35.77,3.71,1.38
09/02/2019,3.18,113.24,88.16,419.43,461.43,2.32,70.07,31.12,3.22,1.41
10/02/2019,3.17,108.89,91.33,471.68,514.65,2.20,62.99,26.47,2.46,1.23
11/02/2019,3.04,73.96,93.80,473.63,513.67,2.00,57.62,25.39,1.83,1.05
12/02/2019,3.23,86.61,96.58,461.43,502.93,6.59,53.47,21.46,1.09,0.57
13/02/2019,3.55,60.91,97.75,534.67,582.03,2.93,50.54,26.82,0.93,0.79
14/02/2019,3.28,93.21,98.24,508.79,552.73,2.81,47.85,24.32,0.65,0.72
15/02/2019,2.99,115.22,98.19,432.62,473.63,2.08,46.14,19.67,0.53,0.86
16/02/2019,2.87,119.31,98.12,401.86,439.45,2.32,44.68,19.67,0.07,1.07
17/02/2019,3.16,155.43,98.39,349.12,384.77,2.81,44.92,18.60,0.00,0.84
18/02/2019,2.12,135.39,97.92,190.43,219.73,1.34,46.88,15.02,0.09,0.98
19/02/2019,1.65,121.81,97.36,167.97,196.78,1.59,46.88,13.23,0.02,1.10
20/02/2019,1.28,143.04,95.58,96.19,121.58,1.46,43.95,13.23,0.53,2.41
21/02/2019,1.18,57.08,94.70,85.94,109.38,1.10,39.06,11.09,0.37,1.67
22/02/2019,1.28,123.79,98.49,144.04,167.48,1.10,34.18,9.30,-0.91,1.04
23/02/2019,1.28,98.74,99.71,146.48,169.92,1.34,31.01,10.01,-1.14,1.29
24/02/2019,1.21,134.21,99.46,118.65,143.07,1.34,30.52,8.58,-0.98,1.43
25/02/2019,1.26,108.76,99.76,116.21,141.11,1.59,32.23,10.37,-1.14,1.14
26/02/2019,1.17,135.92,99.88,118.65,144.53,1.46,33.20,10.73,-1.23,1.37
27/02/2019,1.32,140.93,99.93,121.58,149.41,1.46,33.45,12.16,-1.16,1.28
28/02/2019,1.44,136.45,99.37,108.40,134.28,1.59,32.47,12.16,-0.77,1.82
01/03/2019,1.44,98.35,98.39,125.49,152.34,1.59,31.49,13.95,-0.84,1.39
02/03/2019,2.18,91.49,99.05,270.02,308.59,2.32,31.98,17.53,-1.35,0.77
03/03/2019,2.91,104.81,99.27,356.93,398.93,2.32,33.20,20.74,-1.32,1.66
04/03/2019,2.73,107.05,99.37,304.20,339.84,2.32,35.64,18.96,-1.58,1.09
05/03/2019,3.38,123.13,99.46,391.11,434.57,2.93,39.31,24.32,-1.74,0.74
06/03/2019,3.23,150.68,97.68,355.96,396.97,2.56,45.41,27.54,-0.95,1.43
07/03/2019,2.02,142.77,88.45,177.73,210.94,2.08,48.10,32.55,1.11,2.33
08/03/2019,1.42,153.72,82.40,78.61,104.49,2.32,44.68,25.04,2.27,2.80
09/03/2019,1.30,139.87,77.91,86.91,114.75,2.32,37.84,22.53,3.15,2.82
10/03/2019,1.30,132.36,73.95,104.49,135.74,2.44,29.79,23.96,4.17,2.76
11/03/2019,1.17,141.72,67.75,83.98,115.72,2.81,23.68,22.89,5.59,2.91
12/03/2019,1.09,139.87,64.23,66.89,98.63,3.78,23.68,21.82,6.24,2.70
13/03/2019,1.04,130.91,60.06,77.15,111.33,3.66,25.15,23.25,7.19,1.77
14/03/2019,1.14,137.37,57.52,69.82,105.96,4.03,26.12,20.39,8.28,0.91
15/03/2019,1.04,147.92,55.13,71.29,110.35,3.91,27.34,18.96,9.16,0.97
16/03/2019,1.03,158.46,51.37,46.39,82.03,6.96,30.52,14.66,10.18,2.83
17/03/2019,0.93,145.28,49.78,57.13,97.66,5.13,30.76,15.02,10.48,1.81
18/03/2019,1.00,151.61,49.12,51.27,90.82,4.64,31.74,15.38,10.83,1.48
19/03/2019,1.20,189.71,53.88,78.61,123.54,3.42,32.47,21.82,10.81,1.21
20/03/2019,1.29,194.06,56.40,100.10,147.46,2.20,36.13,22.89,10.53,1.52
21/03/2019,1.36,212.78,54.61,115.23,162.60,2.08,45.17,21.82,10.81,1.11
22/03/2019,1.51,238.49,58.42,130.86,179.20,1.95,57.62,21.46,8.95,0.72
23/03/2019,2.07,219.11,70.21,214.36,262.70,1.95,70.80,25.39,6.77,0.53
24/03/2019,5.94,143.57,75.27,687.99,749.02,5.74,83.25,47.57,5.96,0.53
25/03/2019,6.70,118.39,81.54,720.70,783.20,5.00,93.75,45.07,4.85,1.03
26/03/2019,6.07,117.20,86.43,725.59,786.13,4.27,105.47,44.35,4.17,1.49
27/03/2019,4.34,113.51,84.33,497.56,550.78,3.30,111.82,41.49,3.73,1.37
28/03/2019,2.93,80.15,81.62,354.00,403.32,2.08,109.86,35.77,3.34,0.86
29/03/2019,3.34,82.00,86.47,411.62,464.36,2.81,100.34,28.97,2.22,0.65
30/03/2019,4.43,59.62,93.80,582.52,642.58,3.05,85.94,30.04,1.37,0.48
31/03/2019,4.54,113.94,96.51,646.97,708.01,3.00,73.49,30.40,0.86,0.86
01/04/2019,4.04,102.86,97.05,615.23,674.32,3.00,67.63,30.76,0.62,0.94
02/04/2019,3.58,91.39,97.80,517.58,571.29,3.17,65.92,26.82,0.09,0.79
03/04/2019,4.36,24.42,99.07,572.27,625.49,3.17,66.41,25.04,-0.33,0.94
04/04/2019,3.83,88.86,99.73,501.95,553.22,2.44,65.43,23.25,-0.65,0.52
05/04/2019,3.07,68.29,99.93,398.44,444.34,1.95,64.94,20.39,-0.49,0.76
06/04/2019,2.94,114.04,99.46,417.48,463.38,2.08,62.99,21.46,0.21,1.49
07/04/2019,2.35,131.57,98.90,249.51,285.16,1.95,58.35,18.24,0.60,1.47
08/04/2019,2.32,136.58,97.41,210.45,249.02,1.95,51.76,21.46,1.34,1.27
09/04/2019,2.09,101.12,96.73,222.66,256.84,2.20,45.90,21.46,1.23,1.51
10/04/2019,2.06,107.97,96.53,196.29,233.89,2.20,43.95,22.53,1.53,1.42
11/04/2019,1.98,106.92,96.80,197.75,235.35,2.08,45.65,21.46,1.88,1.46
12/04/2019,1.91,105.07,96.92,187.01,223.14,1.83,47.61,21.10,2.06,1.10
13/04/2019,1.91,110.61,96.97,193.36,230.47,2.08,42.97,21.46,2.34,1.23
14/04/2019,1.82,88.20,96.97,197.27,234.86,2.08,41.99,22.18,2.62,0.71
15/04/2019,1.86,73.43,96.97,183.11,223.63,2.08,44.43,23.61,2.97,0.80
16/04/2019,1.80,118.12,97.07,181.15,221.19,2.32,51.76,24.32,3.27,0.16
17/04/2019,1.94,329.58,97.85,187.50,228.52,2.20,62.74,23.61,3.20,0.14
18/04/2019,2.05,315.87,97.51,232.91,277.83,2.69,73.49,27.18,3.50,0.50
19/04/2019,2.72,171.25,97.51,287.60,333.01,2.69,79.83,28.97,3.66,0.78
20/04/2019,3.05,106.26,97.44,293.95,343.75,3.17,86.18,32.90,3.92,0.49
21/04/2019,3.23,82.79,97.02,389.16,442.87,3.17,96.92,36.84,3.99,0.77
22/04/2019,3.74,113.77,97.02,423.34,476.07,3.05,109.86,36.12,3.99,0.51
23/04/2019,4.16,111.13,97.02,502.93,560.06,3.54,128.66,43.28,4.20,0.64
24/04/2019,3.78,94.52,96.61,478.03,534.18,3.66,138.43,43.63,4.45,0.56
25/04/2019,3.17,82.53,95.36,381.84,439.45,3.30,140.14,46.50,4.92,0.42
26/04/2019,2.76,142.38,94.43,301.76,363.28,2.81,134.52,47.21,5.56,0.27
27/04/2019,3.06,231.63,94.07,345.70,411.13,3.30,130.62,52.22,5.84,0.19
28/04/2019,3.33,314.03,93.14,428.71,500.49,3.54,128.66,57.58,6.26,0.37
29/04/2019,3.51,296.62,90.92,399.90,471.19,3.54,133.54,56.15,7.10,0.84
30/04/2019,3.27,262.87,85.21,328.61,397.95,3.30,137.70,57.58,8.02,0.40
01/05/2019,1.91,260.24,75.44,163.09,216.31,1.83,136.23,51.86,9.00,0.84
02/05/2019,1.11,300.84,71.70,70.31,111.82,1.83,123.54,34.69,8.88,1.69
03/05/2019,1.00,332.22,69.38,58.59,97.66,1.10,92.53,32.55,8.83,2.81
04/05/2019,0.65,332.09,66.72,37.11,73.24,1.95,77.15,36.84,8.93,2.83
05/05/2019,0.65,310.20,68.73,41.50,77.15,1.71,53.47,35.41,8.95,2.27
06/05/2019,0.74,307.83,71.04,52.25,88.38,1.95,36.62,31.47,8.88,1.81
07/05/2019,0.79,319.03,71.46,57.62,94.24,1.71,30.27,31.12,8.83,1.51
08/05/2019,1.20,308.49,76.10,99.12,138.67,1.34,31.25,32.19,8.42,1.33
09/05/2019,1.55,312.18,79.91,150.88,191.41,1.46,38.57,30.76,7.33,1.15
10/05/2019,1.72,326.81,84.50,177.25,218.75,1.95,49.80,28.61,6.03,1.20
11/05/2019,2.42,343.82,86.45,262.21,307.13,2.32,61.52,34.69,5.47,1.10
12/05/2019,5.32,60.28,91.75,499.02,553.22,3.17,70.56,40.06,4.13,0.21
13/05/2019,4.16,349.88,96.02,488.77,543.95,2.69,79.59,35.41,3.25,0.43
14/05/2019,6.68,116.41,98.36,924.80,991.70,4.88,85.21,46.14,3.01,0.65
15/05/2019,4.16,82.26,98.80,554.69,605.96,2.20,88.87,32.55,2.80,0.77
16/05/2019,4.64,252.33,99.90,604.00,659.67,3.17,89.36,29.69,1.83,0.50
17/05/2019,5.33,99.30,99.98,727.54,787.60,3.30,86.91,30.76,1.13,0.77
18/05/2019,4.64,101.15,99.98,687.50,745.61,3.00,80.81,29.69,0.69,0.43
19/05/2019,3.27,79.00,99.95,524.41,573.73,8.30,75.68,22.89,0.28,0.92
20/05/2019,2.81,71.88,99.95,416.02,456.05,2.32,68.60,17.88,-0.33,0.99
21/05/2019,3.10,293.20,99.95,461.43,503.91,2.20,63.96,17.53,-0.65,0.60
22/05/2019,3.04,10.19,99.93,514.65,563.96,2.56,60.06,20.39,-0.93,0.38
23/05/2019,3.58,76.89,99.93,597.17,648.44,2.69,56.40,22.18,-1.12,1.04
24/05/2019,2.76,5.84,99.93,424.32,462.40,2.20,54.44,17.17,-1.58,0.40
25/05/2019,2.79,249.43,99.90,462.89,505.37,2.20,53.71,17.53,-1.81,0.54
26/05/2019,3.32,194.32,99.90,517.09,566.41,3.30,54.20,18.96,-1.81,0.76
27/05/2019,3.25,150.68,99.90,421.88,464.36,3.05,53.71,18.24,-1.56,0.99
28/05/2019,2.21,108.63,99.90,304.20,335.94,2.08,55.18,14.66,-1.63,0.81
29/05/2019,1.94,101.91,99.88,259.28,288.09,1.83,56.15,12.88,-2.21,0.23
30/05/2019,1.88,129.59,99.88,300.78,330.57,2.20,55.42,12.88,-2.74,0.32
31/05/2019,1.56,126.69,99.85,270.02,298.34,1.83,51.76,12.16,-2.92,0.55
01/06/2019,1.50,130.12,99.85,314.45,347.17,2.08,46.14,14.31,-2.92,0.74
02/06/2019,1.92,184.43,99.85,378.42,415.53,2.20,40.28,17.17,-3.27,0.41
03/06/2019,2.28,181.67,99.85,294.92,328.61,2.69,38.57,14.66,-3.36,0.34
04/06/2019,1.45,110.87,99.83,227.05,257.81,1.71,38.33,14.66,-3.11,0.36
05/06/2019,1.11,12.56,99.83,231.45,262.21,1.59,37.35,12.88,-2.95,0.53
06/06/2019,1.01,2.54,99.83,239.75,271.48,1.46,34.18,13.59,-2.81,0.60
07/06/2019,1.08,56.06,99.85,206.05,237.79,1.22,30.27,13.95,-2.34,0.74
08/06/2019,0.90,96.93,98.88,122.07,149.90,0.85,26.12,11.80,-0.93,1.59
09/06/2019,1.24,106.29,95.87,161.62,192.87,1.34,23.93,12.88,-0.44,1.98
10/06/2019,1.14,108.66,94.82,144.04,172.85,1.34,21.24,15.02,-0.21,2.29
11/06/2019,0.55,105.50,91.11,65.43,87.89,1.34,18.55,15.02,0.55,3.06
12/06/2019,0.35,106.42,85.01,34.18,52.73,2.81,14.16,22.89,1.67,3.09
13/06/2019,0.30,94.56,81.76,25.39,40.04,5.13,9.77,23.96,2.46,3.71
14/06/2019,0.30,101.41,77.76,21.48,35.16,7.20,6.10,28.26,3.48,3.85
15/06/2019,0.29,96.93,73.12,17.58,28.81,9.52,3.66,29.33,4.34,4.60
16/06/2019,0.27,98.38,70.02,14.16,22.95,12.94,4.64,35.05,4.73,6.24
17/06/2019,0.16,101.28,67.36,13.67,23.44,14.53,6.35,46.50,5.24,6.46
18/06/2019,0.30,105.11,64.87,12.70,21.48,15.14,8.79,48.28,5.70,6.54
19/06/2019,0.16,107.08,61.28,13.00,20.00,16.24,11.96,46.14,6.21,6.63
20/06/2019,0.51,100.49,58.52,11.23,19.04,17.70,14.89,40.42,6.75,5.12
21/06/2019,0.44,99.04,57.52,10.25,19.04,17.94,15.38,41.85,6.89,5.50
22/06/2019,0.48,109.85,55.71,14.16,26.37,14.65,15.63,42.92,6.98,5.26
23/06/2019,0.49,107.35,54.93,12.70,24.41,15.01,14.16,42.20,6.98,5.25
24/06/2019,0.53,105.11,54.86,16.11,32.23,10.99,13.67,40.77,6.82,4.53
25/06/2019,0.54,102.34,54.76,14.16,29.79,11.23,14.89,40.42,6.40,4.82
26/06/2019,0.64,107.61,57.08,27.83,50.78,4.52,20.02,38.99,5.66,3.95
27/06/2019,1.27,97.85,63.09,61.04,88.38,1.34,24.90,36.84,4.24,1.97
28/06/2019,1.83,99.04,67.68,102.05,131.84,1.10,30.03,36.48,3.38,1.70
29/06/2019,0.88,96.40,70.83,51.27,77.15,1.10,34.67,32.90,3.08,3.07
30/06/2019,0.57,102.34,70.85,19.53,42.48,2.44,37.35,38.27,3.27,4.28
01/07/2019,0.63,102.60,72.63,16.11,35.64,3.30,36.13,37.20,2.90,3.82
02/07/2019,0.66,107.21,74.49,15.63,35.16,3.17,34.67,36.12,2.50,3.93
03/07/2019,0.53,111.56,75.73,17.58,36.62,3.66,31.74,36.48,2.25,4.06
04/07/2019,0.69,115.52,77.59,34.67,55.18,1.71,29.79,37.20,1.90,3.47
05/07/2019,0.49,109.72,79.64,13.67,32.23,2.00,29.79,39.70,1.53,2.94
06/07/2019,0.50,94.03,81.40,13.67,31.25,2.00,31.01,41.85,1.18,2.50
07/07/2019,0.34,101.94,81.49,12.21,29.30,2.81,31.01,46.85,1.23,2.70
08/07/2019,0.43,99.44,80.42,9.28,23.93,5.00,31.98,52.93,1.27,3.45
09/07/2019,0.44,103.92,79.15,6.84,20.02,6.84,32.47,59.73,1.27,3.94
10/07/2019,0.52,100.10,79.00,6.35,19.04,6.96,32.96,59.01,1.07,3.48
11/07/2019,0.50,109.72,78.96,6.84,21.97,5.25,33.45,61.16,0.90,2.97
12/07/2019,0.49,103.13,80.00,7.81,22.95,4.52,34.42,60.09,0.58,2.70
13/07/2019,0.45,117.76,79.22,5.37,18.55,6.47,35.40,65.45,0.67,3.47
14/07/2019,0.53,123.83,78.47,5.86,18.55,7.08,36.13,72.61,0.65,3.19
15/07/2019,0.41,114.07,77.76,5.37,17.58,7.81,36.13,80.47,0.62,3.24
16/07/2019,0.38,114.47,77.39,6.84,19.53,7.20,35.40,82.98,0.58,3.76
17/07/2019,0.44,117.63,77.64,6.35,19.53,6.59,34.18,79.04,0.37,3.09
18/07/2019,0.40,109.98,77.78,7.81,21.97,5.86,33.69,78.69,0.23,3.73
19/07/2019,0.44,106.95,77.32,8.30,21.48,6.71,32.71,79.40,0.21,4.06
20/07/2019,0.36,100.75,76.34,5.37,15.63,9.64,32.47,78.69,0.21,4.01
21/07/2019,0.43,93.64,77.32,7.32,18.07,7.69,31.74,72.25,-0.07,3.65
22/07/2019,0.50,91.26,77.59,7.81,20.51,7.08,30.76,69.39,-0.16,4.60
23/07/2019,0.45,94.16,76.86,9.77,23.93,5.86,29.30,66.17,-0.12,5.67
24/07/2019,0.46,99.04,75.44,10.25,23.93,7.08,28.32,65.45,0.09,6.58
25/07/2019,0.43,103.79,74.66,12.70,27.83,5.74,24.41,64.02,0.14,6.42
26/07/2019,0.59,105.76,74.32,15.63,32.23,5.13,21.24,61.88,0.16,6.26
27/07/2019,0.70,106.95,73.78,21.48,39.55,4.64,18.80,64.38,0.23,6.20
28/07/2019,0.54,108.01,73.05,17.09,33.20,5.74,16.85,64.74,0.39,5.87
29/07/2019,0.55,108.53,71.73,16.60,31.25,7.20,16.60,64.74,0.76,5.71
30/07/2019,0.52,120.92,69.04,23.93,40.53,5.86,18.07,61.16,1.48,4.65
31/07/2019,0.41,118.02,65.50,21.00,37.60,7.81,16.60,51.15,2.32,4.72
01/08/2019,0.44,120.79,61.57,20.02,36.13,9.89,14.89,41.49,3.22,5.41
02/08/2019,0.44,117.50,58.15,17.09,30.76,13.06,14.40,34.69,3.87,6.87
03/08/2019,0.46,126.20,56.32,15.63,28.32,14.65,12.94,29.33,4.29,7.86
04/08/2019,0.52,121.85,53.25,15.14,28.81,16.11,12.94,26.11,4.73,7.98
05/08/2019,0.46,122.11,53.91,18.07,32.23,14.16,14.40,26.11,4.98,7.60
06/08/2019,0.38,114.60,52.17,17.58,32.71,14.40,16.85,24.32,5.45,6.45
07/08/2019,0.47,109.59,51.39,17.09,32.71,14.89,19.78,23.96,5.59,6.27
08/08/2019,0.46,116.31,51.00,18.07,34.67,14.16,20.75,23.96,5.70,6.48
09/08/2019,0.50,123.17,49.61,19.04,37.11,12.82,19.78,22.89,5.80,6.96
10/08/2019,0.44,125.67,48.90,25.88,47.85,8.79,18.07,22.18,5.87,6.43
11/08/2019,0.64,127.52,48.29,30.76,55.66,6.84,17.82,19.67,5.75,5.96
12/08/2019,0.77,131.60,49.10,42.97,71.29,3.66,19.78,19.67,5.26,4.16
13/08/2019,0.69,139.25,49.98,27.34,53.71,3.54,24.41,18.24,4.54,4.29
14/08/2019,0.79,138.20,51.15,29.79,58.11,2.56,28.08,18.24,3.87,3.55
15/08/2019,1.14,129.89,52.71,81.05,113.28,1.22,29.30,22.89,3.25,3.58
16/08/2019,0.80,136.09,52.83,56.64,88.38,1.10,29.79,19.67,2.83,3.88
17/08/2019,0.66,137.54,52.25,34.67,63.48,1.83,28.32,18.96,2.71,4.47
18/08/2019,0.85,130.15,51.86,55.66,86.91,0.85,25.63,20.74,2.50,4.61
19/08/2019,0.68,127.78,50.71,52.73,83.98,1.10,23.68,20.74,2.50,4.72
20/08/2019,0.52,126.20,50.39,23.44,50.78,1.71,21.48,17.53,2.36,4.84
21/08/2019,0.47,125.41,50.17,21.48,48.34,1.95,18.07,16.81,2.27,4.48
22/08/2019,0.41,125.54,49.98,16.60,41.99,2.00,17.33,16.09,2.13,3.65
23/08/2019,0.63,128.31,51.10,39.06,67.87,1.00,16.60,17.53,1.71,3.19
24/08/2019,0.68,123.69,53.13,36.62,64.45,0.98,15.38,16.81,0.90,2.65
25/08/2019,0.83,116.18,54.98,49.32,77.64,0.73,14.89,17.17,0.23,1.26
26/08/2019,0.76,79.53,55.40,57.62,86.43,0.85,16.11,17.88,-0.12,1.03
27/08/2019,0.51,110.64,55.69,31.74,57.62,0.73,16.85,18.24,-0.28,1.65
28/08/2019,0.54,139.25,56.23,52.73,80.57,0.85,17.82,20.39,-0.28,2.53
29/08/2019,0.47,135.43,56.40,24.41,48.83,1.46,19.04,16.81,-0.21,3.05
30/08/2019,0.39,107.35,56.32,26.37,50.29,1.59,19.04,17.88,-0.37,1.86
31/08/2019,0.35,98.51,57.20,19.53,42.97,1.22,18.07,16.09,-0.86,2.16
01/09/2019,0.34,118.29,56.88,18.07,40.04,2.32,18.07,16.09,-0.81,3.72
02/09/2019,0.30,111.30,58.11,23.44,46.39,1.34,18.55,16.45,-1.32,2.46
03/09/2019,0.21,128.18,55.57,13.18,33.20,4.39,18.80,20.39,-0.47,4.21
04/09/2019,0.13,125.28,54.57,10.25,27.83,5.37,17.58,20.74,-0.26,4.38
05/09/2019,0.13,121.06,55.35,5.86,21.48,7.69,15.63,21.46,-0.58,4.46
06/09/2019,0.13,121.19,55.62,5.37,18.07,9.28,14.16,20.74,-0.70,4.62
07/09/2019,0.16,126.73,56.03,6.35,21.00,7.81,13.67,21.82,-0.86,4.06
08/09/2019,0.22,132.79,56.79,18.55,38.09,2.56,13.43,23.25,-1.02,3.77
09/09/2019,0.21,130.81,57.15,14.16,32.23,4.15,14.89,25.04,-1.16,4.09
10/09/2019,0.30,128.04,57.79,10.74,28.32,4.15,15.63,25.39,-1.42,4.23
11/09/2019,0.37,122.77,58.23,11.23,29.30,3.54,15.14,26.82,-1.56,3.65
12/09/2019,0.54,121.98,59.08,14.65,34.18,2.44,15.87,28.26,-1.79,3.96
13/09/2019,0.63,122.24,58.69,16.11,35.64,3.17,17.58,29.69,-1.63,5.00
14/09/2019,0.54,122.38,58.15,13.67,30.76,4.76,19.04,31.12,-1.42,5.44
15/09/2019,0.70,122.51,58.06,16.60,33.20,5.37,19.04,30.40,-1.07,5.17
16/09/2019,0.60,124.09,56.91,15.63,31.25,7.08,17.82,30.76,-0.42,6.12
17/09/2019,0.63,131.47,55.49,19.53,34.67,7.57,14.89,31.12,0.25,6.84
18/09/2019,0.60,132.26,54.57,19.04,34.18,9.16,12.94,30.40,0.83,7.65
19/09/2019,0.57,134.50,53.69,18.07,31.74,10.38,13.43,31.47,1.37,7.33
20/09/2019,0.63,128.44,53.39,20.02,34.67,9.64,16.11,30.76,1.95,6.14
21/09/2019,0.65,127.25,52.44,20.51,37.11,10.01,19.53,29.69,2.90,5.67
22/09/2019,0.57,134.24,52.00,17.09,31.74,11.96,22.71,28.97,3.18,6.24
23/09/2019,0.52,134.37,51.95,18.07,33.69,11.47,26.37,28.26,3.50,5.86
24/09/2019,0.46,136.88,51.68,14.16,28.81,13.43,30.76,27.54,3.69,6.17
25/09/2019,0.51,134.90,51.68,16.11,32.23,12.82,32.47,27.54,3.83,6.50
26/09/2019,0.73,132.79,51.64,20.51,40.53,9.52,33.45,28.26,3.99,6.12
27/09/2019,0.58,135.03,51.95,18.55,39.55,9.28,34.42,27.18,3.94,6.13
28/09/2019,0.64,133.45,52.88,21.48,44.92,6.84,35.40,27.54,3.62,5.20
29/09/2019,0.68,136.48,53.30,16.60,40.04,5.98,37.11,26.82,3.29,4.94
30/09/2019,0.85,130.42,54.69,23.44,50.29,3.66,41.50,26.11,2.64,5.02
01/10/2019,0.95,130.29,55.69,23.93,52.25,2.81,44.43,26.82,2.18,4.42
02/10/2019,0.92,135.03,56.59,26.37,54.20,1.83,45.41,26.47,1.76,4.00
03/10/2019,0.94,136.22,57.69,28.81,56.15,1.83,45.90,26.11,1.41,3.96
04/10/2019,0.90,129.76,58.67,39.55,67.87,1.59,45.41,26.82,1.00,3.92
05/10/2019,0.90,133.45,60.03,44.92,74.22,1.22,43.46,27.18,0.53,3.41
06/10/2019,0.90,123.56,60.62,35.16,62.99,1.10,41.99,26.82,0.28,3.45
07/10/2019,0.96,124.75,62.77,40.53,67.87,1.22,41.26,25.39,-0.40,3.08
08/10/2019,0.93,124.48,63.06,34.67,62.50,1.34,39.31,26.47,-0.44,2.91
09/10/2019,0.83,119.08,63.45,29.30,55.18,1.00,37.84,25.75,-0.51,2.96
10/10/2019,1.05,120.40,67.55,57.62,84.96,1.00,36.38,26.11,-1.49,1.96
11/10/2019,1.06,128.83,69.07,57.62,86.43,1.22,33.45,27.18,-1.60,2.49
12/10/2019,0.82,132.92,68.26,50.78,78.13,0.85,32.23,27.18,-1.23,2.93
13/10/2019,0.78,123.56,70.36,36.13,61.52,1.59,32.96,25.04,-1.83,2.51
14/10/2019,0.71,126.33,70.14,38.09,64.45,1.46,34.18,24.32,-1.63,3.33
15/10/2019,0.72,125.54,69.75,22.46,46.88,1.71,36.62,22.53,-1.63,2.87
16/10/2019,0.82,119.21,70.26,35.64,60.55,1.59,40.04,22.89,-1.79,2.59
17/10/2019,0.57,111.04,67.53,17.58,39.06,2.93,41.26,22.89,-1.18,3.37
18/10/2019,0.57,114.60,65.58,9.77,28.32,5.00,40.28,25.04,-0.79,3.76
19/10/2019,0.57,113.41,65.82,11.23,29.79,4.15,38.57,25.04,-0.91,3.77
20/10/2019,0.46,108.80,66.06,6.84,22.95,7.08,37.11,23.96,-1.02,3.53
21/10/2019,0.49,114.99,67.07,8.30,26.86,4.39,35.40,23.25,-1.28,3.11
22/10/2019,0.49,112.62,67.11,6.84,23.44,5.98,36.38,23.96,-1.25,3.53
23/10/2019,0.44,112.75,66.72,5.37,20.02,7.81,37.84,22.18,-1.09,3.48
24/10/2019,0.43,114.07,67.19,5.86,21.48,7.08,37.11,21.46,-1.16,3.32
25/10/2019,0.44,112.36,66.97,4.88,18.07,8.79,35.89,21.46,-1.07,3.30
26/10/2019,0.42,114.47,66.92,4.88,19.04,8.18,35.16,21.82,-1.00,3.32
27/10/2019,0.35,109.59,66.82,4.88,18.07,8.91,33.20,21.46,-0.95,3.39
28/10/2019,0.28,112.88,66.28,5.37,18.55,8.42,32.96,21.82,-0.74,4.04
29/10/2019,0.16,116.05,65.84,5.37,19.04,8.42,33.45,22.89,-0.58,4.27
30/10/2019,0.16,113.41,65.65,4.88,18.55,8.54,33.45,22.89,-0.51,4.14
31/10/2019,0.13,111.70,65.72,5.86,19.04,8.06,34.18,22.89,-0.49,4.38
01/11/2019,0.23,114.20,65.33,6.84,21.48,7.20,34.91,23.25,-0.30,4.19
02/11/2019,0.34,116.18,64.72,8.79,22.95,7.93,33.20,23.96,0.16,3.96
03/11/2019,0.32,120.00,62.62,9.77,23.44,9.40,31.25,24.68,1.00,4.84
04/11/2019,0.39,121.98,60.69,9.77,22.95,11.72,29.30,25.04,1.69,6.02
05/11/2019,0.46,123.83,58.98,12.70,26.37,10.86,27.34,26.11,2.43,5.49
06/11/2019,0.46,126.99,57.42,15.63,30.76,9.77,26.61,26.11,3.22,5.30
07/11/2019,0.47,132.53,56.76,17.58,34.18,9.64,26.61,25.39,3.78,4.72
08/11/2019,0.47,129.63,55.57,16.60,33.20,10.62,28.56,23.96,4.54,4.07
09/11/2019,0.43,127.52,54.69,16.11,33.20,11.23,29.79,26.11,5.10,3.05
10/11/2019,0.33,117.10,53.69,15.63,33.69,11.72,33.45,24.68,5.73,2.81
11/11/2019,0.22,118.02,52.83,17.58,38.09,10.74,36.38,23.61,6.59,2.76
12/11/2019,0.27,112.09,52.56,17.58,38.09,9.89,35.64,22.18,7.05,2.68
13/11/2019,0.41,121.85,52.22,18.55,41.02,8.42,33.45,22.18,7.33,2.96
14/11/2019,0.49,112.36,52.03,23.93,48.34,6.47,33.20,21.82,7.58,2.72
15/11/2019,0.50,113.41,52.34,35.16,62.99,3.91,32.96,20.03,7.47,3.04
16/11/2019,0.73,128.04,54.15,48.83,80.08,2.08,37.35,20.39,6.89,2.10
17/11/2019,1.35,114.86,57.01,142.09,176.27,1.46,46.14,26.47,5.70,1.37
18/11/2019,1.48,105.90,60.01,143.55,176.27,1.46,53.96,24.32,4.66,1.42
19/11/2019,2.32,130.42,63.84,248.54,286.13,1.95,60.30,29.33,3.85,1.50
20/11/2019,1.77,120.66,65.28,161.13,197.27,1.71,62.01,29.69,3.45,1.81
21/11/2019,1.95,121.98,66.46,162.11,198.24,1.71,60.30,30.76,3.08,1.85
22/11/2019,1.79,115.65,68.58,173.34,208.50,1.59,57.37,27.90,2.48,1.55
23/11/2019,1.58,108.93,70.36,177.25,211.43,1.59,53.96,26.11,2.22,2.45
24/11/2019,1.21,113.02,69.58,104.00,135.74,0.98,51.03,22.89,2.41,2.42
25/11/2019,1.20,123.83,70.04,83.50,114.26,1.22,49.07,21.46,2.27,2.37
26/11/2019,1.02,131.87,70.17,63.96,93.75,1.00,44.68,20.39,2.29,2.57
27/11/2019,1.09,125.67,70.97,62.50,92.29,1.00,41.99,21.10,2.02,2.09
28/11/2019,1.12,129.36,73.36,71.78,101.56,1.22,40.53,22.18,1.41,1.83
29/11/2019,1.03,132.00,73.10,74.22,103.03,1.34,41.02,21.10,1.64,2.29
30/11/2019,0.88,131.34,73.66,66.41,95.21,1.34,41.26,21.10,1.44,1.84
01/12/2019,0.91,127.65,74.85,68.36,96.68,1.22,42.72,22.53,1.13,1.58
02/12/2019,0.95,114.99,75.68,89.84,119.63,1.59,44.43,22.53,0.90,1.61
